REQ_ID;Опис;Критерії;BDD;Тікет;Тест;Код;Документація;Примітки
FR-01;Облік, вхід і ролі;AC-01.1, AC-01.2, AC-01.3, AC-01.4, AC-01.5, AC-01.6, AC-01.7;;;;;;
FR-02;Картка житла;AC-02.1, AC-02.2, AC-02.3, AC-02.4, AC-02.5;;;;;;
FR-03;Ручне закриття ночей;AC-03.1, AC-03.2, AC-03.3, AC-03.4;;;;;;
FR-04;Зняття оголошення з публікації;AC-04.1, AC-04.2, AC-04.3, AC-04.4, AC-04.5, AC-04.6;;;;;;
FR-05;Пошук житла;AC-05.1, AC-05.2, AC-05.3, AC-05.4, AC-05.5;;;;;;
FR-06;Створення запиту і фіксація умов;AC-06.1, AC-06.2, AC-06.3, AC-06.4, AC-06.5, AC-06.6, AC-06.7;Основний потік — запит, підтвердження власником, завершення (частково);;;;;AC-06.1: приклад із 4 особами в сценарії «Підстави відмови у створенні запиту і межа кількості осіб» без тега перевіряє статус PENDING і оплату, але не дати й кількість осіб у бронюванні
FR-07;Відмова у створенні запиту;AC-07.1, AC-07.2, AC-07.3, AC-07.4;Відмова через спільну ніч із кодом DATES_UNAVAILABLE (частково) | Підстави відмови у створенні запиту і межа кількості осіб (частково);;;;;AC-07.2: перевіряється лише відмовна половина (CHECKIN_TOO_SOON за 59 хв до моменту заїзду), створення запиту рівно за 1 год не перевіряється
FR-08;Повна перевірка доступності;AC-08.1, AC-08.2, AC-08.3, AC-08.4, AC-08.5, AC-08.6, AC-08.7, AC-08.8, AC-08.9;Заїзд у день виїзду попереднього гостя (частково) | Відмова через спільну ніч із кодом DATES_UNAVAILABLE (частково) | Один запис DATES_UNAVAILABLE при конфлікті з двома бронюваннями (частково) | Технологічна перерва блокує наступну ніч (частково) | Перерва не зникає після переходу бронювання в COMPLETED (частково);;;;;
FR-09;Підтвердження або відхилення запиту власником;AC-09.1, AC-09.2, AC-09.3, AC-09.4, AC-09.5, AC-09.6, AC-09.7;Основний потік — запит, підтвердження власником, завершення (частково) | Каскадне відхилення несумісних запитів при підтвердженні (частково) | Автоматичне відхилення після спливу строку рішення (частково) | Підтвердження за хвилину до спливу строку рішення (частково);;;;;
FR-10;Автоматичне відхилення після спливу строку рішення;AC-10.1, AC-10.2, AC-10.3, AC-10.4;Автоматичне відхилення після спливу строку рішення | Підтвердження за хвилину до спливу строку рішення;;;;;
FR-11;Автоматичне завершення бронювання;AC-11.1, AC-11.2, AC-11.3, AC-11.4;Основний потік — запит, підтвердження власником, завершення (частково) | Перерва не зникає після переходу бронювання в COMPLETED (частково);;;;;
FR-12;Мої поїздки та бронювання власника;AC-12.1, AC-12.2, AC-12.3, AC-12.4, AC-12.5;;;;;;
FR-13;Скасування і частка повернення за ініціатором;AC-13.1, AC-13.2, AC-13.3, AC-13.4, AC-13.5, AC-13.6;Повернення за шкалою при скасуванні гостем (частково);;;;;
FR-14;Лічильник скасувань власником;AC-14.1, AC-14.2, AC-14.3, AC-14.4;;;;;;
FR-15;Грошові розрахунки і платіжні операції;AC-15.1, AC-15.2, AC-15.3, AC-15.4, AC-15.5, AC-15.6, AC-15.7, AC-15.8, AC-15.9;Основний потік — запит, підтвердження власником, завершення (частково) | Каскадне відхилення несумісних запитів при підтвердженні (частково) | Повернення за шкалою при скасуванні гостем (частково);;;;;
FR-16;Виплата власнику;AC-16.1, AC-16.2, AC-16.3, AC-16.4, AC-16.5, AC-16.6;Основний потік — запит, підтвердження власником, завершення (частково) | Повернення за шкалою при скасуванні гостем (частково);;;;;
FR-17;Створення та редагування відгуку;AC-17.1, AC-17.2, AC-17.3, AC-17.4, AC-17.5;;;;;;
FR-18;Видимість відгуків, скарга і середня оцінка;AC-18.1, AC-18.2, AC-18.3, AC-18.4, AC-18.5;;;;;;
FR-19;Блокування користувача;AC-19.1, AC-19.2, AC-19.3, AC-19.4, AC-19.5;;;;;;
FR-20;Спір щодо скасування власником;AC-20.1, AC-20.2, AC-20.3, AC-20.4;;;;;;
FR-21;Оскарження;AC-21.1, AC-21.2, AC-21.3, AC-21.4;;;;;;
FR-22;Журнал подій: запис і доступ;AC-22.1, AC-22.2, AC-22.3, AC-22.4, AC-22.5, AC-22.6;Відмова через спільну ніч із кодом DATES_UNAVAILABLE (частково) | Підстави відмови у створенні запиту і межа кількості осіб (частково) | Один запис DATES_UNAVAILABLE при конфлікті з двома бронюваннями (частково);;;;;AC-22.4: сценарії «Технологічна перерва блокує наступну ніч» і «Перерва не зникає після переходу бронювання в COMPLETED» без тега перевіряють наявність запису з ідентифікатором бронювання і причиною, але не рівень WARN і код у записі
FR-23;Повідомлення;AC-23.1, AC-23.2;Повернення за шкалою при скасуванні гостем (частково);;;;;AC-23.1: кроки без тега перевіряють частину критерію — «Основний потік» (новий запит → власник, рішення власника → гість, лише отримувач), «Каскадне відхилення несумісних запитів при підтвердженні» (рішення власника: отримувачі і відсутність повідомлення в неадресата), «Автоматичне відхилення після спливу строку рішення» (лише отримувач). Решта подій таблиці FR-23 поза межами booking.feature (K-252)
NFR-01;Конкурентні підтвердження;AC-N01.1, AC-N01.2, AC-N01.3;;;;;;
NFR-02;Розробка за TDD;AC-N02.1, AC-N02.2, AC-N02.3;;;;;;
NFR-03;Журнали прогонів тестів;AC-N03.1;;;;;;
NFR-04;Фіксація ітерацій агента;AC-N04.1;;;;;;
NFR-05;Час відповіді пошуку;AC-N05.1;;;;;;
NFR-06;Цілісність журналу подій;AC-N06.1, AC-N06.2;;;;;;
NFR-07;Часові пояси;AC-N07.1, AC-N07.2, AC-N07.3;;;;;;
NFR-08;Адаптивний інтерфейс;AC-N08.1, AC-N08.2;;;;;;
NFR-09;Імітація платежів;AC-N09.1, AC-N09.2;;;;;;
NFR-10;Параметри платформи в конфігурації;AC-N10.1, AC-N10.2;;;;;;
NFR-11;Захист облікових записів;AC-N11.1, AC-N11.2, AC-N11.3, AC-N11.4;;;;;;
