ID;Етап;Тип;Виконавець;Год;Назва;Вимоги;Залежить від
T-01;Е0;spec;human;1;Як модератор знаходить спори, скарги на відгуки й оскарження без черги завдань (OQ-04);FR-18, FR-20, FR-21;
T-02;Е0;spec;human;0,5;Допустимі формат і розмір фотографій житла (OQ-05);FR-02: AC-02.1;
T-108;Е0;addendum;both;2;Адендум ADD-01: доступ модератора до звернень та обмеження фотографій;FR-02, FR-18, FR-20, FR-21, FR-22, FR-23;T-01 T-02
T-03;Е0;design;both;8;Стек, модель даних, внутрішній API з кодами відмов;SRS §5.2, FR-07, FR-01 (ACCOUNT_BLOCKED);T-01 T-02 T-108
T-04;Е0;design;both;1;Перелік збоїв системи для рівня ERROR;FR-22 (IR-35);T-03
T-05;Е0;design;human;6;Макети трьох мобільних екранів у docs/mockups/;NFR-08: AC-N08.2;
T-06;Е0;chore;agent;4;Каркас проєкту, запуск тестів, керований годинник;SRS §2.5, NFR-02;T-03
T-07;Е0;chore;agent;3;Автоматичні протоколи прогонів у logs/test-runs/;NFR-03: AC-N03.1;T-06
T-08;Е0;chore;both;0,5;Файл logs/agent-iterations.md і правило його ведення;NFR-04: AC-N04.1;
T-92;Е0;docs;both;1;Заповнити колонку «Тікет» у spec/traceability.csv;усі FR і NFR (SRS, додаток Б);
T-09;Е0;gate;human;1;Е0-GATE: готовність до реалізації;усі FR, NFR-02;T-01 T-02 T-108 T-03 T-04 T-05 T-06 T-07 T-08 T-92
T-10;Е1;test;both;1,5;Тест: параметри платформи й модератори лише в конфігурації;NFR-10: AC-N10.1;T-09
T-11;Е1;feature;agent;2;Реалізація: параметри платформи й модератори лише в конфігурації;NFR-10: AC-N10.1;T-10
T-12;Е1;test;both;2,5;Тест: журнал подій — запис, UTC, незмінність, строк зберігання;FR-22: AC-22.2, AC-22.6, NFR-06: AC-N06.1, AC-N06.2, NFR-07: AC-N07.2;T-09
T-13;Е1;feature;agent;5;Реалізація: журнал подій — запис, UTC, незмінність, строк зберігання;FR-22: AC-22.2, AC-22.6, NFR-06: AC-N06.1, AC-N06.2, NFR-07: AC-N07.2;T-12 T-04
T-14;Е1;test;both;1,5;Тест: внутрішньосистемні повідомлення — механізм доставки;FR-23: AC-23.2, AC-23.1 (механізм);T-09
T-15;Е1;feature;agent;3;Реалізація: внутрішньосистемні повідомлення — механізм доставки;FR-23: AC-23.2, AC-23.1 (механізм);T-14
T-16;Е1;test;both;2;Тест: вартість, комісія, передоплата, повернення, округлення;FR-15: AC-15.1–AC-15.4, NFR-09: AC-N09.2;T-09
T-17;Е1;feature;agent;3;Реалізація: вартість, комісія, передоплата, повернення, округлення;FR-15: AC-15.1–AC-15.4, NFR-09: AC-N09.2;T-16 T-11
T-18;Е1;test;both;2;Тест: реєстрація і вхід;FR-01: AC-01.1–AC-01.3;T-09
T-19;Е1;feature;agent;4;Реалізація: реєстрація і вхід;FR-01: AC-01.1–AC-01.3;T-18 T-13
T-20;Е1;test;both;2;Тест: хеш паролів, тимчасове обмеження входу;NFR-11: AC-N11.1–AC-N11.4, FR-22: AC-22.3;T-19
T-21;Е1;feature;agent;3;Реалізація: хеш паролів, тимчасове обмеження входу;NFR-11: AC-N11.1–AC-N11.4, FR-22: AC-22.3;T-20
T-22;Е1;test;both;1;Тест: дати й час для користувача в Europe/Kyiv;NFR-07: AC-N07.1;T-09
T-23;Е1;feature;agent;1,5;Реалізація: дати й час для користувача в Europe/Kyiv;NFR-07: AC-N07.1;T-22
T-93;Е1;verification;both;1,5;Верифікація NFR-11 за повним набором критеріїв;NFR-11: AC-N11.1–AC-N11.4;T-21
T-94;Е1;docs;both;0,5;Оновити spec/traceability.csv за Е1;FR-01, FR-15, FR-22, FR-23, NFR-06, NFR-07, NFR-09, NFR-10, NFR-11;T-11 T-13 T-15 T-17 T-19 T-21 T-23 T-93
T-24;Е1;gate;human;0,5;Контрольна точка Е1;NFR-02: AC-N02.1–AC-N02.3 для FR-01, FR-15, FR-22, FR-23;T-10 T-11 T-12 T-13 T-14 T-15 T-16 T-17 T-18 T-19 T-20 T-21 T-22 T-23 T-93 T-94
T-25;Е2;test;both;2;Тест: створення й редагування картки житла;FR-02: AC-02.1–AC-02.3, AC-02.5;T-24
T-26;Е2;feature;agent;4;Реалізація: створення й редагування картки житла;FR-02: AC-02.1–AC-02.3, AC-02.5;T-25
T-27;Е2;test;both;3;Тест: повна перевірка доступності з перервою;FR-08: AC-08.1–AC-08.4, AC-08.7–AC-08.9;T-26
T-28;Е2;feature;agent;4;Реалізація: повна перевірка доступності з перервою;FR-08: AC-08.1–AC-08.4, AC-08.7–AC-08.9;T-27
T-29;Е2;test;both;2;Тест: відмова у створенні запиту — порядок підстав і коди;FR-07: AC-07.1–AC-07.4, FR-22: AC-22.4;T-28
T-30;Е2;feature;agent;3;Реалізація: відмова у створенні запиту — порядок підстав і коди;FR-07: AC-07.1–AC-07.4, FR-22: AC-22.4;T-29
T-31;Е2;test;both;2,5;Тест: створення запиту, передоплата, фіксація умов;FR-06: AC-06.1–AC-06.6, NFR-10: AC-N10.2;T-30 T-17 T-15
T-32;Е2;feature;agent;4;Реалізація: створення запиту, передоплата, фіксація умов;FR-06: AC-06.1–AC-06.6, NFR-10: AC-N10.2;T-31
T-33;Е2;test;both;2;Тест: ручне закриття й відкриття ночей;FR-03: AC-03.1–AC-03.4, FR-08: AC-08.6;T-32
T-34;Е2;feature;agent;3;Реалізація: ручне закриття й відкриття ночей;FR-03: AC-03.1–AC-03.4, FR-08: AC-08.6;T-33
T-35;Е2;test;both;2;Тест: пошук — стан, місто, дати, кількість осіб;FR-05: AC-05.1–AC-05.4, FR-02: AC-02.4;T-34
T-36;Е2;feature;agent;4;Реалізація: пошук — стан, місто, дати, кількість осіб;FR-05: AC-05.1–AC-05.4, FR-02: AC-02.4;T-35
T-95;Е2;docs;both;3;Reference Manual модуля availability;FR-03, FR-07, FR-08;T-34
T-96;Е2;validation;human;3;Валідація Е2 на реальних даних: подвійні бронювання, ручний календар;idea §1, R2, R3, FR-02, FR-03, FR-05…FR-08;T-36
T-97;Е2;docs;both;0,5;Оновити spec/traceability.csv за Е2;FR-02, FR-03, FR-05…FR-08;T-36
T-98;Е2;docs;both;1,5;Оновити README: реалізований обсяг, запуск, тести, протоколи;FR-01…FR-08, NFR-03;T-36
T-37;Е2;gate;human;0,5;Контрольна точка Е2;NFR-02: AC-N02.1–AC-N02.3 для FR-02, FR-03, FR-05…FR-08;T-25 T-26 T-27 T-28 T-29 T-30 T-31 T-32 T-33 T-34 T-35 T-36 T-95 T-96 T-97 T-98
T-38;Е3;test;both;3;Тест: підтвердження і відхилення власником, каскадне відхилення;FR-09: AC-09.1–AC-09.7, FR-06: AC-06.7, FR-22: AC-22.1;T-37
T-39;Е3;feature;agent;5;Реалізація: підтвердження і відхилення власником, каскадне відхилення;FR-09: AC-09.1–AC-09.7, FR-06: AC-06.7, FR-22: AC-22.1;T-38
T-40;Е3;test;both;3;Тест: конкурентні підтвердження;NFR-01: AC-N01.1, AC-N01.3;T-39
T-41;Е3;feature;both;4;Реалізація: конкурентні підтвердження;NFR-01: AC-N01.1, AC-N01.3;T-40
T-42;Е3;test;both;2;Тест: автовідхилення після спливу строку рішення;FR-10: AC-10.1–AC-10.4, NFR-07: AC-N07.3;T-39
T-43;Е3;feature;agent;3;Реалізація: автовідхилення після спливу строку рішення;FR-10: AC-10.1–AC-10.4, NFR-07: AC-N07.3;T-42
T-44;Е3;test;both;2;Тест: автозавершення і виплата при COMPLETED;FR-11: AC-11.1–AC-11.4, FR-08: AC-08.5, FR-16: AC-16.1;T-39
T-45;Е3;feature;agent;3;Реалізація: автозавершення і виплата при COMPLETED;FR-11: AC-11.1–AC-11.4, FR-08: AC-08.5, FR-16: AC-16.1;T-44
T-46;Е3;test;both;2,5;Тест: скасування і частка повернення за ініціатором;FR-13: AC-13.1–AC-13.6;T-39
T-47;Е3;feature;agent;4;Реалізація: скасування і частка повернення за ініціатором;FR-13: AC-13.1–AC-13.6;T-46
T-48;Е3;test;both;1,5;Тест: виплата власнику при скасуванні гостем;FR-16: AC-16.2–AC-16.4, AC-16.6;T-47 T-45
T-49;Е3;feature;agent;2;Реалізація: виплата власнику при скасуванні гостем;FR-16: AC-16.2–AC-16.4, AC-16.6;T-48
T-50;Е3;test;both;1;Тест: рівно одне повернення, нульове не фіксується;FR-15: AC-15.8, AC-15.9;T-47
T-51;Е3;feature;agent;1,5;Реалізація: рівно одне повернення, нульове не фіксується;FR-15: AC-15.8, AC-15.9;T-50
T-52;Е3;test;both;2;Тест: мої поїздки і бронювання власника;FR-12: AC-12.1, AC-12.2, AC-12.4, AC-12.5;T-47
T-53;Е3;feature;agent;5;Реалізація: мої поїздки і бронювання власника;FR-12: AC-12.1, AC-12.2, AC-12.4, AC-12.5;T-52 T-05
T-54;Е3;test;both;1;Тест: доступ до журналу подій за ролями;FR-22: AC-22.5;T-39
T-55;Е3;feature;agent;2;Реалізація: доступ до журналу подій за ролями;FR-22: AC-22.5;T-54
T-99;Е3;verification;both;2;Верифікація FR-08 за повним набором критеріїв;FR-08: AC-08.1–AC-08.9;T-34 T-45
T-100;Е3;validation;human;3;Валідація Е3 на реальних даних: єдині правила розрахунків;idea §1, R1, R4, R5, FR-09…FR-13, FR-15, FR-16;T-39 T-41 T-43 T-45 T-47 T-49 T-51 T-53 T-55
T-101;Е3;docs;both;0,5;Оновити spec/traceability.csv за Е3;FR-09…FR-13, FR-15, FR-16, FR-22, NFR-01;T-39 T-41 T-43 T-45 T-47 T-49 T-51 T-53 T-55
T-56;Е3;gate;human;0,5;Контрольна точка Е3;NFR-02: AC-N02.1–AC-N02.3 для FR-09…FR-13, FR-15, FR-16, FR-22;T-38 T-39 T-40 T-41 T-42 T-43 T-44 T-45 T-46 T-47 T-48 T-49 T-50 T-51 T-52 T-53 T-54 T-55 T-99 T-100 T-101
T-57;Е4;test;both;2;Тест: створення й редагування відгуку;FR-17: AC-17.1–AC-17.5;T-56
T-58;Е4;feature;agent;3;Реалізація: створення й редагування відгуку;FR-17: AC-17.1–AC-17.5;T-57
T-59;Е4;test;both;0,5;Тест: дія «залишити відгук» у моїх поїздках;FR-12: AC-12.3;T-58
T-60;Е4;feature;agent;1;Реалізація: дія «залишити відгук» у моїх поїздках;FR-12: AC-12.3;T-59
T-61;Е4;test;both;2;Тест: скарга на відгук, рішення модератора, середня оцінка;FR-18: AC-18.1–AC-18.3, AC-18.6;T-58
T-62;Е4;feature;agent;4;Реалізація: скарга на відгук, рішення модератора, середня оцінка;FR-18: AC-18.1–AC-18.3, AC-18.6;T-61
T-63;Е4;test;both;1;Тест: сортування пошуку за середньою оцінкою;FR-05: AC-05.5;T-62
T-64;Е4;feature;agent;1,5;Реалізація: сортування пошуку за середньою оцінкою;FR-05: AC-05.5;T-63
T-65;Е4;test;both;1,5;Тест: відвідувач, суміщення ролей, обмеження модератора;FR-01: AC-01.4–AC-01.6;T-58
T-66;Е4;feature;agent;2;Реалізація: відвідувач, суміщення ролей, обмеження модератора;FR-01: AC-01.4–AC-01.6;T-65
T-102;Е4;docs;both;0,5;Оновити spec/traceability.csv за Е4;FR-01, FR-05, FR-12, FR-17, FR-18;T-58 T-60 T-62 T-64 T-66
T-67;Е4;gate;human;0,5;Контрольна точка Е4;NFR-02: AC-N02.1–AC-N02.3 для FR-01, FR-05, FR-12, FR-17, FR-18;T-57 T-58 T-59 T-60 T-61 T-62 T-63 T-64 T-65 T-66 T-102
T-68;Е5;test;both;2,5;Тест: зняття оголошення модератором і наслідки;FR-04: AC-04.1–AC-04.6;T-67
T-69;Е5;feature;agent;4;Реалізація: зняття оголошення модератором і наслідки;FR-04: AC-04.1–AC-04.6;T-68
T-70;Е5;test;both;1,5;Тест: лічильник скасувань власником, автоматичне зняття;FR-14: AC-14.1–AC-14.3;T-69
T-71;Е5;feature;agent;2,5;Реалізація: лічильник скасувань власником, автоматичне зняття;FR-14: AC-14.1–AC-14.3;T-70
T-72;Е5;test;both;3;Тест: блокування користувача;FR-19: AC-19.1–AC-19.5, FR-13: AC-13.7, FR-18: AC-18.4;T-69 T-21
T-73;Е5;feature;agent;5;Реалізація: блокування користувача;FR-19: AC-19.1–AC-19.5, FR-13: AC-13.7, FR-18: AC-18.4;T-72
T-74;Е5;test;both;2;Тест: перерахунок частки повернення рішенням модератора, інваріанти;FR-15: AC-15.5–AC-15.7;T-67 T-51
T-75;Е5;feature;agent;3;Реалізація: перерахунок частки повернення рішенням модератора, інваріанти;FR-15: AC-15.5–AC-15.7;T-74
T-76;Е5;test;both;2;Тест: спір щодо скасування власником;FR-20: AC-20.1–AC-20.4, FR-16: AC-16.5;T-75 T-49
T-77;Е5;feature;agent;3;Реалізація: спір щодо скасування власником;FR-20: AC-20.1–AC-20.4, FR-16: AC-16.5;T-76
T-78;Е5;test;both;2,5;Тест: оскарження блокування й автоматичного зняття;FR-21: AC-21.1–AC-21.4, FR-14: AC-14.4, FR-18: AC-18.5;T-73 T-71
T-79;Е5;feature;agent;4;Реалізація: оскарження блокування й автоматичного зняття;FR-21: AC-21.1–AC-21.4, FR-14: AC-14.4, FR-18: AC-18.5;T-78
T-80;Е5;test;both;1;Тест: доступ заблокованого користувача;FR-01: AC-01.7;T-79
T-81;Е5;feature;agent;1,5;Реалізація: доступ заблокованого користувача;FR-01: AC-01.7;T-80
T-82;Е5;test;both;2,5;Тест: підтвердження паралельно із закриттям ночі, блокуванням, строком;NFR-01: AC-N01.2, AC-N01.3;T-73 T-43 T-41
T-83;Е5;feature;both;3;Реалізація: підтвердження паралельно із закриттям ночі, блокуванням, строком;NFR-01: AC-N01.2, AC-N01.3;T-82
T-103;Е5;verification;both;2,5;Верифікація FR-15 за повним набором критеріїв;FR-15: AC-15.1–AC-15.9;T-17 T-51 T-75
T-104;Е5;verification;both;2;Верифікація NFR-01 за повним набором критеріїв;NFR-01: AC-N01.1–AC-N01.3;T-83
T-105;Е5;docs;both;3;Reference Manual модуля payments;FR-15, FR-16, NFR-09;T-77
T-106;Е5;docs;both;0,5;Оновити spec/traceability.csv за Е5;FR-01, FR-04, FR-13…FR-16, FR-18…FR-21, NFR-01;T-69 T-71 T-73 T-75 T-77 T-79 T-81 T-83
T-84;Е5;gate;human;0,5;Контрольна точка Е5;NFR-02: AC-N02.1–AC-N02.3 для FR-01, FR-04, FR-13…FR-16, FR-18…FR-21;T-68 T-69 T-70 T-71 T-72 T-73 T-74 T-75 T-76 T-77 T-78 T-79 T-80 T-81 T-82 T-83 T-103 T-104 T-105 T-106
T-85;Е6;test;both;1,5;Тест: три ключові екрани за ширини 360 px;NFR-08: AC-N08.1;T-84 T-05
T-86;Е6;feature;agent;4;Реалізація: три ключові екрани за ширини 360 px;NFR-08: AC-N08.1;T-85
T-87;Е6;test;both;3;Тест: навантажувальний тест пошуку;NFR-05: AC-N05.1;T-84 T-64
T-88;Е6;feature;agent;4;Реалізація: p95 пошуку не більше 500 мс;NFR-05: AC-N05.1;T-87
T-89;Е6;verification;both;2;Верифікація: повідомлення за всіма тригерами таблиці FR-23 (K-252);FR-23: AC-23.1;T-84
T-90;Е6;verification;both;1;Верифікація: жодного звернення до зовнішнього платіжного сервісу;NFR-09: AC-N09.1;T-84
T-107;Е6;docs;both;0,5;Остаточно оновити spec/traceability.csv;усі FR і NFR;T-86 T-88 T-89 T-90
T-91;Е6;gate;human;2;Приймання v1;NFR-02: AC-N02.1–AC-N02.3, NFR-03: AC-N03.1, NFR-04: AC-N04.1, усі AC;T-85 T-86 T-87 T-88 T-89 T-90 T-107
