T-01;1
T-02;2
T-108;3
T-03;4
T-04;5
T-05;6
T-06;7
T-07;8
T-08;9
T-92;10
T-09;11
T-10;12
T-11;13
T-12;14
T-13;15
T-14;16
T-15;17
T-16;18
T-17;19
T-18;20
T-19;21
T-20;22
T-21;23
T-22;24
T-23;25
T-93;26
T-94;27
T-24;28
T-25;29
T-26;30
T-27;31
T-28;32
T-29;33
T-30;34
T-31;35
T-32;36
T-33;37
T-34;38
T-35;39
T-36;40
T-95;41
T-96;42
T-97;43
T-98;44
T-37;45
T-38;46
T-39;47
T-40;48
T-41;49
T-42;50
T-43;51
T-44;52
T-45;53
T-46;54
T-47;55
T-48;56
T-49;57
T-50;58
T-51;59
T-52;60
T-53;61
T-54;62
T-55;63
T-99;64
T-100;65
T-101;66
T-56;67
T-57;68
T-58;69
T-59;70
T-60;71
T-61;72
T-62;73
T-63;74
T-64;75
T-65;76
T-66;77
T-102;78
T-67;79
T-68;80
T-69;81
T-70;82
T-71;83
T-72;84
T-73;85
T-74;86
T-75;87
T-76;88
T-77;89
T-78;90
T-79;91
T-80;92
T-81;93
T-82;94
T-83;95
T-103;96
T-104;97
T-105;98
T-106;99
T-84;100
T-85;101
T-86;102
T-87;103
T-88;104
T-89;105
T-90;106
T-107;107
T-91;108
T-109;109
T-110;110
